Name,Goals,Assists,SOT %,Pass %
R. Ruidiaz,17,1,0.417582418,0.834
F. Montero,7,6,0.481481481,0.74
W. Bruin,3,4,0.333333333,0.608
K.Rowe,1,3,0.185185185,0.779
Joao Paulo,3,11,0.392857143,0.821
A. Roldan,1,2,0.25,0.821
C. Roldan,6,14,0.264150943,0.801
J. Atencio,0,4,0.666666667,0.818
D. Levya,0,3,0.375,0.844
